Fecha,Hora,Place,humedad_suelo,humedad_amb,temperatura
04 03 23,12:05:30,,60.97478,22.0,25.0
04 03 23,12:05:32,,50.0,37.3,24.5
04 03 23,12:10:21,cuarto,61.12239,21.0,25.0
04 03 23,12:10:24,sala,50,35.10,24.60
